[
    {
        "FirstName": "a",
        "Lastname": "v",
        "Date of Birth": "2024-10-31",
        "Phone Number": "01843678045"
    },
    {
        "FirstName": "w",
        "Lastname": "d",
        "Date of Birth": "2024-10-30",
        "Phone Number": "01843678045"
    },
    {
        "FirstName": "a",
        "Lastname": "b",
        "Date of Birth": "2024-10-30",
        "Phone Number": "01843678045"
    },
    {
        "FirstName": "a",
        "Lastname": "b",
        "Date of Birth": "2024-10-15",
        "Phone Number": "0193678047"
    },
    {
        "FirstName": "aa",
        "Lastname": "bnn",
        "Date of Birth": "2024-10-15",
        "Phone Number": "0193678047"
    },
    {
        "FirstName": "kkkkkkkkkkkkk",
        "Lastname": "rrrrrrrrrrrrrrrrrrr",
        "Date of Birth": "2024-11-06",
        "Phone Number": "01843678045"
    },
    {
        "FirstName": "kkkkkkkkkkkkk",
        "Lastname": "rrrrrrrrrrrrrrrrrrr",
        "Date of Birth": "2024-11-06",
        "Phone Number": "01843678045"
    }
]